Workbook

Sheet VENDOR SOA
B1: Sub Total | C1: =SUBTOTAL(9, C2:C36) -> 4609.83 | L1: =SUBTOTAL(9, L2:L36) -> 0 | M1: =SUBTOTAL(9, M2:M36) -> 4609.83
A2: INV Number | B2: INV Date | C2: Outstanding Amount | D2: Look up | E2: Todays date | F2: Ageing | G2: Amount-AJWW | H2: OD to pay | I2: Remarksin BT | J2: Concan | K2: REQUEST SEND | L2: Approved | M2: Unapproved | N2: Remarks | O2: Job | P2: Ops Person | Q2: BT Link
A3: 12323 | B3: 08/30/2025 | C3: 120 | D3: =IFERROR(VLOOKUP(A3,'AJWW SOA'!C:C,1,0),"") | E3: =TODAY() -> 46150 | F3: =E3-B3 -> 251 | G3: =IFERROR(VLOOKUP(A3, 'AJWW SOA'!C:D, 2, FALSE), 0) -> 0 | H3: =IF(G3=0, 0, C3-G3) -> 0 | I3: =IFERROR(VLOOKUP(A3,Waiting!F:U,16,0),"") | J3: =CONCAT(A3&""&-C3) -> #N/A | L3: =IFERROR(VLOOKUP(J3,'AJWW SOA'!H:I,2,0),"0") -> 0 | M3: =C3-L3 -> 120 | N3: ok to pay | O3: =IFERROR(VLOOKUP(A3,Waiting!F:I,4,0),"") | P3: =VLOOKUP(A3,Waiting!F:Y,20,0) -> #REF! | Q3: =IFERROR(VLOOKUP(A3,Waiting!F:W,18,0),"")
A4: 12324 | B4: 09/04/2025 | C4: 120 | D4: =IFERROR(VLOOKUP(A4,'AJWW SOA'!C:C,1,0),"") | E4: =TODAY() -> 46150 | F4: =E4-B4 -> 246 | G4: =IFERROR(VLOOKUP(A4, 'AJWW SOA'!C:D, 2, FALSE), 0) -> 0 | H4: =IF(G4=0, 0, C4-G4) -> 0 | I4: =IFERROR(VLOOKUP(A4,Waiting!F:U,16,0),"") | J4: =CONCAT(A4&""&-C4) -> #N/A | L4: =IFERROR(VLOOKUP(J4,'AJWW SOA'!H:I,2,0),"0") -> 0 | M4: =C4-L4 -> 120 | N4: ok to pay | O4: =IFERROR(VLOOKUP(A4,Waiting!F:I,4,0),"") | P4: =VLOOKUP(A4,Waiting!F:Y,20,0) -> #REF! | Q4: =IFERROR(VLOOKUP(A4,Waiting!F:W,18,0),"")
A5: 13507 | B5: 10/21/2025 | C5: 240 | D5: =IFERROR(VLOOKUP(A5,'AJWW SOA'!C:C,1,0),"") | E5: =TODAY() -> 46150 | F5: =E5-B5 -> 199 | G5: =IFERROR(VLOOKUP(A5, 'AJWW SOA'!C:D, 2, FALSE), 0) -> 0 | H5: =IF(G5=0, 0, C5-G5) -> 0 | I5: =IFERROR(VLOOKUP(A5,Waiting!F:U,16,0),"") | J5: =CONCAT(A5&""&-C5) -> #N/A | L5: =IFERROR(VLOOKUP(J5,'AJWW SOA'!H:I,2,0),"0") -> 0 | M5: =C5-L5 -> 240 | N5: ok to pay | O5: =IFERROR(VLOOKUP(A5,Waiting!F:I,4,0),"") | P5: =VLOOKUP(A5,Waiting!F:Y,20,0) -> #REF! | Q5: =IFERROR(VLOOKUP(A5,Waiting!F:W,18,0),"")
A6: 14638 | B6: 11/26/2025 | C6: 240 | D6: =IFERROR(VLOOKUP(A6,'AJWW SOA'!C:C,1,0),"") | E6: =TODAY() -> 46150 | F6: =E6-B6 -> 163 | G6: =IFERROR(VLOOKUP(A6, 'AJWW SOA'!C:D, 2, FALSE), 0) -> 0 | H6: =IF(G6=0, 0, C6-G6) -> 0 | I6: =IFERROR(VLOOKUP(A6,Waiting!F:U,16,0),"") | J6: =CONCAT(A6&""&-C6) -> #N/A | L6: =IFERROR(VLOOKUP(J6,'AJWW SOA'!H:I,2,0),"0") -> 0 | M6: =C6-L6 -> 240 | N6: ok to pay | O6: =IFERROR(VLOOKUP(A6,Waiting!F:I,4,0),"") | P6: =VLOOKUP(A6,Waiting!F:Y,20,0) -> #REF! | Q6: =IFERROR(VLOOKUP(A6,Waiting!F:W,18,0),"")
A7: 16593 | B7: 01/31/2026 | C7: 140 | D7: =IFERROR(VLOOKUP(A7,'AJWW SOA'!C:C,1,0),"") | E7: =TODAY() -> 46150 | F7: =E7-B7 -> 97 | G7: =IFERROR(VLOOKUP(A7, 'AJWW SOA'!C:D, 2, FALSE), 0) -> 0 | H7: =IF(G7=0, 0, C7-G7) -> 0 | I7: =IFERROR(VLOOKUP(A7,Waiting!F:U,16,0),"") | J7: =CONCAT(A7&""&-C7) -> #N/A | L7: =IFERROR(VLOOKUP(J7,'AJWW SOA'!H:I,2,0),"0") -> 0 | M7: =C7-L7 -> 140 | N7: ok to pay | O7: =IFERROR(VLOOKUP(A7,Waiting!F:I,4,0),"") | P7: =VLOOKUP(A7,Waiting!F:Y,20,0) -> #REF! | Q7: =IFERROR(VLOOKUP(A7,Waiting!F:W,18,0),"")
A8: 16656 | B8: 02/02/2026 | C8: 114 | D8: =IFERROR(VLOOKUP(A8,'AJWW SOA'!C:C,1,0),"") | E8: =TODAY() -> 46150 | F8: =E8-B8 -> 95 | G8: =IFERROR(VLOOKUP(A8, 'AJWW SOA'!C:D, 2, FALSE), 0) -> 0 | H8: =IF(G8=0, 0, C8-G8) -> 0 | I8: =IFERROR(VLOOKUP(A8,Waiting!F:U,16,0),"") | J8: =CONCAT(A8&""&-C8) -> #N/A | L8: =IFERROR(VLOOKUP(J8,'AJWW SOA'!H:I,2,0),"0") -> 0 | M8: =C8-L8 -> 114 | N8: ok to pay | O8: =IFERROR(VLOOKUP(A8,Waiting!F:I,4,0),"") | P8: =VLOOKUP(A8,Waiting!F:Y,20,0) -> #REF! | Q8: =IFERROR(VLOOKUP(A8,Waiting!F:W,18,0),"")
A9: 16674 | B9: 02/03/2026 | C9: 65 | D9: =IFERROR(VLOOKUP(A9,'AJWW SOA'!C:C,1,0),"") | E9: =TODAY() -> 46150 | F9: =E9-B9 -> 94 | G9: =IFERROR(VLOOKUP(A9, 'AJWW SOA'!C:D, 2, FALSE), 0) -> 0 | H9: =IF(G9=0, 0, C9-G9) -> 0 | I9: =IFERROR(VLOOKUP(A9,Waiting!F:U,16,0),"") | J9: =CONCAT(A9&""&-C9) -> #N/A | L9: =IFERROR(VLOOKUP(J9,'AJWW SOA'!H:I,2,0),"0") -> 0 | M9: =C9-L9 -> 65 | N9: ok to pay | O9: =IFERROR(VLOOKUP(A9,Waiting!F:I,4,0),"") | P9: =VLOOKUP(A9,Waiting!F:Y,20,0) -> #REF! | Q9: =IFERROR(VLOOKUP(A9,Waiting!F:W,18,0),"")
A10: 16807 | B10: 02/09/2026 | C10: 58 | D10: =IFERROR(VLOOKUP(A10,'AJWW SOA'!C:C,1,0),"") | E10: =TODAY() -> 46150 | F10: =E10-B10 -> 88 | G10: =IFERROR(VLOOKUP(A10, 'AJWW SOA'!C:D, 2, FALSE), 0) -> 0 | H10: =IF(G10=0, 0, C10-G10) -> 0 | I10: =IFERROR(VLOOKUP(A10,Waiting!F:U,16,0),"") | J10: =CONCAT(A10&""&-C10) -> #N/A | L10: =IFERROR(VLOOKUP(J10,'AJWW SOA'!H:I,2,0),"0") -> 0 | M10: =C10-L10 -> 58 | N10: ok to pay | O10: =IFERROR(VLOOKUP(A10,Waiting!F:I,4,0),"") | P10: =VLOOKUP(A10,Waiting!F:Y,20,0) -> #REF! | Q10: =IFERROR(VLOOKUP(A10,Waiting!F:W,18,0),"")
A11: 17056 | B11: 02/13/2026 | C11: 60 | D11: =IFERROR(VLOOKUP(A11,'AJWW SOA'!C:C,1,0),"") | E11: =TODAY() -> 46150 | F11: =E11-B11 -> 84 | G11: =IFERROR(VLOOKUP(A11, 'AJWW SOA'!C:D, 2, FALSE), 0) -> 0 | H11: =IF(G11=0, 0, C11-G11) -> 0 | I11: =IFERROR(VLOOKUP(A11,Waiting!F:U,16,0),"") | J11: =CONCAT(A11&""&-C11) -> #N/A | L11: =IFERROR(VLOOKUP(J11,'AJWW SOA'!H:I,2,0),"0") -> 0 | M11: =C11-L11 -> 60 | N11: ok to pay | O11: =IFERROR(VLOOKUP(A11,Waiting!F:I,4,0),"") | P11: =VLOOKUP(A11,Waiting!F:Y,20,0) -> #REF! | Q11: =IFERROR(VLOOKUP(A11,Waiting!F:W,18,0),"")
A12: 17041 | B12: 02/13/2026 | C12: 65 | D12: =IFERROR(VLOOKUP(A12,'AJWW SOA'!C:C,1,0),"") | E12: =TODAY() -> 46150 | F12: =E12-B12 -> 84 | G12: =IFERROR(VLOOKUP(A12, 'AJWW SOA'!C:D, 2, FALSE), 0) -> 0 | H12: =IF(G12=0, 0, C12-G12) -> 0 | I12: =IFERROR(VLOOKUP(A12,Waiting!F:U,16,0),"") | J12: =CONCAT(A12&""&-C12) -> #N/A | L12: =IFERROR(VLOOKUP(J12,'AJWW SOA'!H:I,2,0),"0") -> 0 | M12: =C12-L12 -> 65 | N12: ok to pay | O12: =IFERROR(VLOOKUP(A12,Waiting!F:I,4,0),"") | P12: =VLOOKUP(A12,Waiting!F:Y,20,0) -> #REF! | Q12: =IFERROR(VLOOKUP(A12,Waiting!F:W,18,0),"")
A13: 17044 | B13: 02/13/2026 | C13: 185 | D13: =IFERROR(VLOOKUP(A13,'AJWW SOA'!C:C,1,0),"") | E13: =TODAY() -> 46150 | F13: =E13-B13 -> 84 | G13: =IFERROR(VLOOKUP(A13, 'AJWW SOA'!C:D, 2, FALSE), 0) -> 0 | H13: =IF(G13=0, 0, C13-G13) -> 0 | I13: =IFERROR(VLOOKUP(A13,Waiting!F:U,16,0),"") | J13: =CONCAT(A13&""&-C13) -> #N/A | L13: =IFERROR(VLOOKUP(J13,'AJWW SOA'!H:I,2,0),"0") -> 0 | M13: =C13-L13 -> 185 | N13: paid | O13: =IFERROR(VLOOKUP(A13,Waiting!F:I,4,0),"") | P13: =VLOOKUP(A13,Waiting!F:Y,20,0) -> #REF! | Q13: =IFERROR(VLOOKUP(A13,Waiting!F:W,18,0),"")
A14: 17087 | B14: 02/16/2026 | C14: 162 | D14: =IFERROR(VLOOKUP(A14,'AJWW SOA'!C:C,1,0),"") | E14: =TODAY() -> 46150 | F14: =E14-B14 -> 81 | G14: =IFERROR(VLOOKUP(A14, 'AJWW SOA'!C:D, 2, FALSE), 0) -> 0 | H14: =IF(G14=0, 0, C14-G14) -> 0 | I14: =IFERROR(VLOOKUP(A14,Waiting!F:U,16,0),"") | J14: =CONCAT(A14&""&-C14) -> #N/A | L14: =IFERROR(VLOOKUP(J14,'AJWW SOA'!H:I,2,0),"0") -> 0 | M14: =C14-L14 -> 162 | N14: ok to pay | O14: =IFERROR(VLOOKUP(A14,Waiting!F:I,4,0),"") | P14: =VLOOKUP(A14,Waiting!F:Y,20,0) -> #REF! | Q14: =IFERROR(VLOOKUP(A14,Waiting!F:W,18,0),"")
... A36: 18032 | B36: 03/24/2026 | C36: 177 | D36: =IFERROR(VLOOKUP(A36,'AJWW SOA'!C:C,1,0),"") | E36: =TODAY() -> 46150 | F36: =E36-B36 -> 45 | G36: =IFERROR(VLOOKUP(A36, 'AJWW SOA'!C:D, 2, FALSE), 0) -> 0 | H36: =IF(G36=0, 0, C36-G36) -> 0 | I36: =IFERROR(VLOOKUP(A36,Waiting!F:U,16,0),"") | J36: =CONCAT(A36&""&-C36) -> #N/A | L36: =IFERROR(VLOOKUP(J36,'AJWW SOA'!H:I,2,0),"0") -> 0 | M36: =C36-L36 -> 177 | N36: not due | O36: =IFERROR(VLOOKUP(A36,Waiting!F:I,4,0),"") | P36: =VLOOKUP(A36,Waiting!F:Y,20,0) -> #REF! | Q36: =IFERROR(VLOOKUP(A36,Waiting!F:W,18,0),"")
